candidate_id,origin_proposal_ids,b1_lens_id,frozen_source_anchors,bounded_proposition,direct_source_fact,inferred_consequence,falsifying_or_downgrading_evidence,b1_schema_status,b1_schema_reason,process_eligibility,contamination_level,prior_public_status
C001,P01-01;P07-01,1,src/config_file.c::parse_slots(); include/update_handler.h::boot_switch_partition; src/mbr.c::get_raw_partition_entry(); docs/reference.rst; docs/advanced.rst,Boot-MBR start/size sector counts are narrowed from guint64-derived values to guint32 without a visible range check at the narrowing site.,Region and boot-switch quantities are carried as guint64 bytes; get_raw_partition_entry stores divided sector start/size in guint32 MBR fields.,Reachable sector values above G_MAXUINT32 could change under narrowing.,Find a frozen-source invariant or documented bound proving every reachable MBR sector start/size <=G_MAXUINT32.,ACCEPTED_TO_FROZEN_LEDGER,Exact duplicate proposal P07-01 merged into P01-01 mechanism.,PRIMARY_ELIGIBLE,C0_NONE,NOT_SEARCHED
C002,P01-02,1,include/update_handler.h::boot_switch_partition.size; src/update_handler.c::clear_boot_switch_partition(),A guint64 boot-switch partition byte size is cleared using a guint byte counter.,dest_partition->size is guint64; clear_count is guint and advances by write return counts.,"For reachable sizes above G_MAXUINT, the counter cannot monotonically represent all bytes to the target.",Find a reachable-size bound <=G_MAXUINT or supported ABI evidence that guint is 64-bit.,ACCEPTED_TO_FROZEN_LEDGER,,PRIMARY_ELIGIBLE,C0_NONE,NOT_SEARCHED
C003,P01-03,1,src/utils.c::key_file_consume_binary_suffixed_string(); src/config_file.c::parse_slots(); src/mbr.c::validate_region(); src/gpt.c::check_region(),Region-end validation forms a guint64 sum of start and size without an explicit pre-addition overflow guard.,Both operands are guint64 and are directly added before boundary checks.,A mathematically out-of-range sum could wrap before comparison.,Find parser/config bounds proving all reachable sums fit guint64.,ACCEPTED_TO_FROZEN_LEDGER,,PRIMARY_ELIGIBLE,C0_NONE,NOT_SEARCHED
C004,P02-01,2,src/nbd.c::r_nbd_remove_device(),Any negative NBD netlink disconnect send result is normalized to local cleanup and TRUE return.,"The failure branch logs 'already removed' without discriminating error cause, clears state, and returns TRUE.",Non-benign send errors could be collapsed into successful/already-complete removal semantics.,Establish kernel/libnl contract or documented RAUC best-effort API semantics eliminating the distinction.,ACCEPTED_TO_FROZEN_LEDGER,,PRIMARY_ELIGIBLE,C0_NONE,NOT_SEARCHED
C005,P02-02,2,src/status_file.c::status_file_get_slot_status(); src/status_file.c::status_file_set_slot_status(),Stored checksum size is read without an error channel when a digest is present.,The size getter is called with NULL error handling while checksum digest/type remain populated.,Malformed/missing size may survive as a numeric fallback alongside a digest.,Establish GLib behavior plus downstream usage showing no source-level consequence or prove storage writer invariants exclude malformed external input.,ACCEPTED_TO_FROZEN_LEDGER,,PRIMARY_ELIGIBLE,C0_NONE,NOT_SEARCHED
C006,P03-01,3,src/mark.c::r_mark_active(),Activation can return success despite failure to persist activation metadata after the bootloader primary change succeeds.,Status persistence errors are logged/freed and do not convert the operation to failure.,Caller-visible success and persisted activation metadata can diverge.,Find an explicit best-effort/non-authoritative persistence contract or guaranteed retry path.,ACCEPTED_TO_FROZEN_LEDGER,,PRIMARY_ELIGIBLE,C0_NONE,NOT_SEARCHED
C007,P04-01,4,src/config_file.c::parse_polling_section(); include/config_file.h; src/polling.c::polling_reschedule(); docs/reference.rst; docs/advanced.rst,Polling second values accepted as gint are multiplied in gint arithmetic before assignment to gint64 milliseconds.,No upper bound beyond gint range is checked; *1000 and default *4 are evaluated on gint operands.,Large accepted intervals can exceed intermediate signed-int representation.,Establish a frozen bound or language/toolchain behavior preventing overflow for all accepted values.,ACCEPTED_TO_FROZEN_LEDGER,,PRIMARY_ELIGIBLE,C0_NONE,NOT_SEARCHED
C008,P04-02,4,src/utils.c::key_file_consume_binary_suffixed_string(); src/config_file.c consumers; docs/reference.rst,The binary-suffixed numeric parser neither validates the whole token nor checks the scaled left-shift result.,After g_ascii_strtoull it examines only *scale and returns result<<scale_shift.,Malformed trailing text may be accepted; scaled values may wrap.,Find an upstream canonical-token/range validator covering every call.,ACCEPTED_TO_FROZEN_LEDGER,Parent candidate retained at B1; B3 may split tail-validation and scaling-overflow children only if frozen split criteria are met.,PRIMARY_ELIGIBLE,C0_NONE,NOT_SEARCHED
C009,P06-01,6,src/polling.c::RPollingContext.recent_error_count; src/polling.c::polling_reschedule(); include/config_file.h,Normal polling backoff multiplies a signed interval by an incremented guint64 error count before applying the configured maximum.,The multiplication precedes MIN and uses signed/unsigned operands of the cited widths.,At sufficiently large counts the pre-clamp expression may not represent intended mathematical backoff.,Establish conversion semantics and a reachable-state bound that precludes overflow/wrap before the clamp.,ACCEPTED_TO_FROZEN_LEDGER,,PRIMARY_ELIGIBLE,C0_NONE,NOT_SEARCHED
