proposal_id,lens_id,proposal_status,candidate_id,anchors,bounded_proposition,direct_source_fact,inferred_consequence,falsifying_or_downgrading_evidence,status_reason
P01-01,1,ACCEPTED_TO_FROZEN_LEDGER,C001,src/config_file.c::parse_slots(); include/update_handler.h::boot_switch_partition; src/mbr.c::get_raw_partition_entry(),Boot-MBR start/size sector counts are narrowed from guint64-derived values to guint32 without a visible range check at the narrowing site.,region_start/region_size and boot_switch_partition start/size are guint64 bytes; get_raw_partition_entry assigns divided sector values to guint32.,Reachable sector values above G_MAXUINT32 could be represented differently after narrowing.,"Frozen-source invariant capping every reachable MBR start/size in sectors to <=G_MAXUINT32, or language/toolchain evidence eliminating alteration.",
P01-02,1,ACCEPTED_TO_FROZEN_LEDGER,C002,include/update_handler.h::boot_switch_partition.size; src/update_handler.c::clear_boot_switch_partition(),A guint64 partition byte size is cleared using a guint byte counter.,dest_partition->size is guint64; clear_count is guint and is compared/incremented against that size.,"For reachable sizes above G_MAXUINT, the counter cannot monotonically represent every byte count up to the target.","Frozen-source invariant dest_partition->size<=G_MAXUINT on every call, or supported ABI evidence that guint is 64-bit.",
P01-03,1,ACCEPTED_TO_FROZEN_LEDGER,C003,src/utils.c::key_file_consume_binary_suffixed_string(); src/config_file.c::parse_slots(); src/mbr.c::validate_region(); src/gpt.c::check_region(),Region-end validation forms region_start+region_size in guint64 without an explicit pre-addition overflow guard.,Both region operands are guint64 and are added directly before boundary comparisons.,A reachable pair whose mathematical sum exceeds UINT64_MAX could wrap before the device-boundary comparison.,"Parser/configuration invariant bounding the sum before these functions, or proof such values are rejected on every path.",
P02-01,2,ACCEPTED_TO_FROZEN_LEDGER,C004,src/nbd.c::r_nbd_remove_device(),Any negative NBD netlink disconnect send result is normalized to local cleanup and TRUE return.,The nl_send_sync<0 branch only logs that the device is already removed; the function then clears local NBD state and returns TRUE.,A non-benign netlink failure could become observationally indistinguishable from successful/already-complete removal at this API boundary.,"libnl/kernel contract showing every reachable negative result means already absent, or documented best-effort semantics forbidding callers from reading TRUE as kernel-side removal.",
P02-02,2,ACCEPTED_TO_FROZEN_LEDGER,C005,src/status_file.c::status_file_get_slot_status(); src/status_file.c::status_file_set_slot_status(),"When a SHA-256 digest exists in stored slot status, its companion size is read without an error channel and accepted.","g_key_file_get_uint64(...,'size',NULL) is assigned directly while nearby count fields explicitly process parse errors.",Malformed or missing size may be represented by a fallback numeric value while the checksum object still carries a digest/type.,"GLib contract showing no accepted fallback is possible, or frozen consumers proving stored size validity is irrelevant to every source-level consequence.",
P03-01,3,ACCEPTED_TO_FROZEN_LEDGER,C006,src/mark.c::r_mark_active(),Activation can return success after a slot-status persistence failure following a successful primary-slot change.,"After r_boot_set_primary succeeds, activation metadata is updated; status write errors are logged/freed and execution continues.",Caller-visible activation success can coexist with failure to persist activation metadata.,"Documented contract making persistence explicitly best-effort/non-authoritative, or a source path guaranteeing persistence/retry before success is exposed.",
P04-01,4,ACCEPTED_TO_FROZEN_LEDGER,C007,src/config_file.c::parse_polling_section(); include/config_file.h::RaucConfig polling fields; src/polling.c::polling_reschedule(),Accepted gint polling intervals are multiplied as gint before assignment to gint64 milliseconds.,interval_sec/max_interval_sec are gint with no upper bound beyond type range; multiplication by 1000 and default *4 occurs before widened assignment.,Sufficiently large accepted second values can exceed the representable intermediate signed-int arithmetic.,C/toolchain contract or upstream bound proving accepted values cannot overflow those intermediate operations.,
P04-02,4,ACCEPTED_TO_FROZEN_LEDGER,C008,src/utils.c::key_file_consume_binary_suffixed_string(); src/config_file.c consumers; docs/reference.rst region suffix contract,The binary-suffixed numeric helper does not validate the entire token or the left-shift result.,"It parses a decimal prefix, switches on only the first non-digit character, then returns result<<scale_shift with no end-of-string or overflow check.",Trailing junk may be accepted and sufficiently large scaled values may wrap.,Upstream canonical-token/range validator proving every call receives only in-range decimal plus optional one-character suffix.,Parent candidate may split later if B3 shows the token-tail and shift-overflow mechanisms are counterfactually separable.
P06-01,6,ACCEPTED_TO_FROZEN_LEDGER,C009,src/polling.c::RPollingContext.recent_error_count; src/polling.c::polling_reschedule(); include/config_file.h polling fields,Polling backoff multiplies signed interval milliseconds by an incremented guint64 error count before the maximum clamp.,"recent_error_count is guint64; delay expression is evaluated before MIN(...,polling_max_interval_ms).","At sufficiently large counts, pre-clamp arithmetic may stop representing the intended mathematical backoff.","C conversion/toolchain analysis plus reachable-state bound showing no overflow/wrap before MIN, or an invariant that resets/caps the count.",
P07-01,7,MERGED_DUPLICATE,C001,docs/reference.rst region-start/region-size; docs/advanced.rst boot-mbr-switch; src/mbr.c::get_raw_partition_entry(),Documentation exposes byte-valued MBR region inputs without stating a 32-bit-sector bound at the narrowing site.,Docs accept byte values with K/M/G/T; implementation narrows computed sectors to guint32.,Documented input domain appears broader than representable MBR-sector domain unless another bound exists.,Contemporaneous documentation/test/config validation explicitly constraining MBR start and half-size to <=G_MAXUINT32 sectors.,Exact mechanism duplicate of P01-01 with an additional documentation anchor; merged preserving origin.
P07-02,7,REJECTED_AT_B1_SCHEMA,,docs/reference.rst polling intervals; docs/advanced.rst polling backoff; src/config_file.c::parse_polling_section(); src/polling.c::polling_reschedule(),Polling docs expose no upper bound preventing implementation arithmetic from exceeding intermediate representations.,Docs specify seconds and max>base; implementation has both seconds-to-ms multiplication and later backoff multiplication.,An accepted/documented configuration or state could enter arithmetic outside intended scheduling range.,"Documented bound, parser invariant, or runtime bound constraining all relevant values.",Rejected at B1 schema because one proposal conflates two independently stateable arithmetic sites already preserved separately as C007 and C009.
