case_id,path,marker,first_line,last_line,source_file_sha256,source_file_git_blob_sha1,excerpt_sha256,pass
BMSA01-F01,src/app/application/algorithm/state_estimation/soc/counting/soc_counting.c,soc_tableCurrent.current_mA[s],322,332,1debde05edb1c1452c7d522bbd8a4e6443b49b32261b917da1dd81ee27e990c6,2e993129306792ddd6a8b35347e7a3e38ee5eddd,4244c1d0a0fe688841eb91606ba3232039d6ccdc923f22b1d1f9c6261ed5548c,True
BMSA03-F01,src/app/driver/can/cbs/tx-cyclic/can_cbs_tx_f_pack-limits.c,pTablePackValues->batteryVoltage_mV,274,284,d9b51dde63392c7683798cc462f2170bb3e8abac3b5ed011e314682647ff3fff,58b6255d322e4f3b10290be794638a8c10c668b1,4cd411d22e3e6377d1e8e50ff905c45f13a2e6569f5de84e4596c5658bdabab5,True
BMSA03-F01,src/app/engine/config/database_cfg.h,invalidBatteryVoltage,198,208,a441f449f84c332c0c757afad42d53e37ae470debf2b9bbf1fa8948b14b9c939,f8bb4d909b47acd31fe607a1aa676d488d866f87,2676893404769e62b119641ccf5a0f6ad17a0cbc33b31a2e771b9c4155d1ed66,True
BMSA04-F01,src/app/application/bal/history/bal_strategy_history.c,SE_GetStateOfChargeFromVoltage(,295,305,61ad40f59a5c891fbdde09b28a52b9cbe79e51aa74ad94937778529fdd78016c,dd779430018c24c2464f41b9c7bdc86a0c13d34e,e70be467f850d2c329e6bb6396fadd1a9ff659adeb79cdcb0594f74938d23153,True
BMSA11-F01,src/app/driver/can/cbs/tx-cyclic/can_cbs_tx_f_pack-state-estimation.c,signalData = CANTX_100_PERCENT_FLOAT,349,359,a196b5bf996cf9810b7e867b3a57c0ac67d69d3c66b322ec0d2aee098a252941,3bf49f56f1239f0d13a06153a6dc6e86d28fccf5,0afcf64056c475b1ade7222c95ed7ea33aa2771bf56137a2b982e930f9414cb7,True
BMSA11-F01,src/app/driver/can/cbs/tx-cyclic/can_cbs_tx_f_string-state-estimation.c,float_t signalData = 100.0f,294,304,bf1e85547f9f9a0bb2a52ac2da6bcac280b820efc77ee62e262838ce891fe634,1b9a7507d2757b9bbbb544fbc05b67d9a54a60f6,252ee464556ecf719a1c7d72f400085db80e1ce840fa066f0a7f1b3211d92256,True
BMSA06-F01,src/app/driver/afe/ltc/6813-1/ltc_6813-1.c,nrValidTemperatures[stringNumber] = numberValidMeasurements,683,693,f0b32ada54771f07d952422e9501043ac081c380e685d265cbd5ba6c431a429a,d0e524744edc57f7e6358b39188e0ff38768b2b5,c3fde9e2ce66e1ff533230397e10a6876afb733565a880d2ead76438f36ecbff,True
BMSA06-F01,src/app/application/soa/soa.c,"DIAG_ID_TEMP_OVERTEMPERATURE_DISCHARGE_MSL, DIAG_EVENT_OK",171,181,9d5cb7407eddc67a4a5a203da103f26b115da90ac7a722a3972ea8909a3212f7,5b981b8ae7318a1803465b10c54eca8d42b3d8b0,9ea6f4dda550455a1a3a4a108f0ebef0e33ec1eac7964f64866f4d056a40a782,True
BMSA05-F01,src/app/application/config/battery_system_cfg.h,BS_CHARGE_PERIODIC_OPEN_WIRE_CHECK,314,324,3a38542f4da1986bc1944cd7ce6eabbc38a044255c9273f8273e46f2940670b1,8e8b20e188e8dbcfee74d57f0f54617e097d96a5,e1cacfff6ba379e8e7f9b4fda43f4d4c520ddb5925e9e10a2e91e0a57458db05,True
BMSA05-F01,src/app/application/bms/bms.c,#if BS_NORMAL_PERIODIC_OPEN_WIRE_CHECK == TRUE,1484,1494,c0e2f1d4dd83f059b91c11dd91543ef052d515eb7a247fa26be7b53897523286,1422f63e7810fbf809366cc1dfddba5e161fafc2,786e7c98bd2e4f0f87f853f594d5ca128fe8afa6d22b8edba380a55b3c78a555,True
BMSA07-F01,src/app/engine/config/diag_cfg.h,#define DIAG_DELAY_2000ms (1000u),96,106,3cfe5a17f575767a16abb7dee4d4080ebe7300ded023987acf06d1d950df27bf,510ee4f0ed7fe7a4a751399f631d23e2c36262ea,76f498481ca48222c087fb47215e42ad7fbb35ec47dc1396540eec3629e8c881,True
BMSA07-F01,src/app/engine/config/diag_cfg.c,DIAG_ID_CURRENT_SENSOR_CC_RESPONDING,162,172,42759d8778e11915803f67e4593382b32af2ef025104a660d86d90b77cf5c9e2,649949059db76a1430968bc2dacce175f46d798c,0c05e34a05900ad95467706abe93dadb0c59b49d681b6083271ed51cf70e9a49,True
BMSA08-F02,src/app/application/bms/bms.c,bms_state.substate = BMS_FSM_SUBSTATE_NORMAL_CLOSE_SECOND_STRING_CONTACTOR;,1559,1569,c0e2f1d4dd83f059b91c11dd91543ef052d515eb7a247fa26be7b53897523286,1422f63e7810fbf809366cc1dfddba5e161fafc2,9a90cf53bc57b60e20ca7aef7ca3e91ee9989811acc6d13c38eaab8dc8467920,True
BMSA08-F02,src/app/application/bms/bms.c,BMS_FSM_SUBSTATE_CHECK_STRING_CLOSED,1573,1583,c0e2f1d4dd83f059b91c11dd91543ef052d515eb7a247fa26be7b53897523286,1422f63e7810fbf809366cc1dfddba5e161fafc2,5784664f9b100026f63f93031619f2ea81718b8868f4481724b262b421a863a1,True
BMSA09-F03,src/app/driver/imd/bender/iso165c/bender_iso165c.c,I165C_FSM_STATE_INITIALIZATION_UNLOCK_WAIT_ACK:,587,597,9824f74fcd4e3d4609801f2839647cf1c7677bb11d4c6ce87c0819a304b850ef,efefeee8f1458c481b1fcd0858d999b7fb26b1c8,5b4743a64dcd10184344c11e9ff930904d74dfc500d806fc7a6265f096832576,True
BMSA10-F01,src/app/engine/sys_mon/sys_mon.c,(time_since_last_call > max_allowed_jitter) &&,175,185,f47b80f3cfffd9da058d636727fa3394b937cf9a0fd056ddc202ae4267e3003d,b4237a1ea7ca1208a8be8563e4575ef3ebb9fc7a,c0cfa0c2ee73cafea7e4ae7d2378a810a0f724a2666faedd66101d3a8022886f,True
BMSA08-F01,src/app/application/bms/bms.c,openWire[s][(wire + (m * (BS_NR_OF_CELL_BLOCKS_PER_MODULE + 1))) == 1],419,429,c0e2f1d4dd83f059b91c11dd91543ef052d515eb7a247fa26be7b53897523286,1422f63e7810fbf809366cc1dfddba5e161fafc2,16204dfa36a7c4f67c39bc116ac427da2cca9c7c84840b69aa5cc1d222e0511d,True
BMSA09-F01,src/app/driver/afe/debug/can/debug_can.c,DATA_WRITE_DATA(&decan_cellVoltage),273,283,08a80589848fc586835ba640375fe171606e11e3faa6c755aab31996c66d3585,60d196d138fb55d3d23cbdae0dea7b4d36738afa,7a0645f2ace239dfe928c39884a140a93318d9225828fd0015325b30214b0a1f,True
BMSA09-F01,src/app/driver/afe/debug/can/debug_can.c,decan_canCellVoltagesFromQueue.muxValue,241,251,08a80589848fc586835ba640375fe171606e11e3faa6c755aab31996c66d3585,60d196d138fb55d3d23cbdae0dea7b4d36738afa,8b4a80a27b0de3abfa6cd3c4f3eb60d3c7f7dcd6d6d92cb011ed79a069bd5370,True
BMSA09-F02,src/app/driver/can/cbs/rx/can_cbs_rx_as_honeywell-bas6c-x00.c,CANRX_AEROSOL_SENSOR_CRC_CHECK_CODE_START_BIT,68,78,8951b782f180ea8dddd7e16b0d164b93666cdae396eb869be4b15980af09cc2c,8e9307323a4900f7d5ac81197184f74c0112ff98,461fb79f061715023b000d8a3ef35fde58e4bebfe66c65b77b34ce8fe149fa2a,True
BMSA09-F02,src/app/driver/can/cbs/rx/can_cbs_rx_as_honeywell-bas6c-x00.c,DATA_WRITE_DATA(kpkCanShim->pTableAerosolSensor),231,241,8951b782f180ea8dddd7e16b0d164b93666cdae396eb869be4b15980af09cc2c,8e9307323a4900f7d5ac81197184f74c0112ff98,91b729f14533c094e7dd51c63ebb560f8bdd609f5d3f7b54762c332cba35e493,True
BMSA10-F02,tests/unit/app/application/bms/test_bms.c,void testBMS_MonitorPrechargeProcess(void),340,350,2711c4d51015decbeab4009cfa3274b1124f454ec715eeb4569824064d753a47,8d65b7e9ba7a08406dfb0d700399812df7290e59,ee57e384b2bd7b56c830999c1bf2cddabac647c9e04c8058814a7b8e4b6e6abe,True
BMSA10-F02,src/app/application/bms/bms.c,BMS_Trigger,893,903,c0e2f1d4dd83f059b91c11dd91543ef052d515eb7a247fa26be7b53897523286,1422f63e7810fbf809366cc1dfddba5e161fafc2,40a2b568e14bea13f1f680661c608808d057259b6884ff4e0217da46e60d0790,True
BMSA10-F03,tools/waf-tools/bms_config_validator.py,"if aerosol_sensor.manufacturer == ""none"":",101,111,92baa707231b366ceb4c7dfd3ed3040e8ed11a67aea301b6fc4beb90cfe8032d,9aa877b5f332d88f37d8edb7c557da8982986de4,4bc8448d2e231022478e5bfeb646bc5f05ffb53f615cadf5be4e09e27168efc7,True
BMSA10-F03,tools/waf-tools/bms_config_validator_base.py,"device = config.get(""aerosol-sensor"")",447,457,f4ab514689041359bb92b29e50c797b3de14183b002c046e935923335b296363,b60a06f89437c84327bfb1bf5136a1c0d6423e93,b645f40db62bc798ed01d1a780268193bc23379f30a84908d7b54b0bae3f8a0b,True
